{
  "rewards": [
    2404.8896860346545,
    2404.8896860346545,
    2404.8896860346545,
    2404.8896860346545,
    2404.8896860346545,
    2404.8896860346545,
    2404.8896860346545,
    2404.8896860346545,
    2404.8896860346545,
    2404.8896860346545
  ],
  "lengths": [
    336,
    336,
    336,
    336,
    336,
    336,
    336,
    336,
    336,
    336
  ],
  "final_biomass": [
    1.3517618744944837,
    1.3517618744944837,
    1.3517618744944837,
    1.3517618744944837,
    1.3517618744944837,
    1.3517618744944837,
    1.3517618744944837,
    1.3517618744944837,
    1.3517618744944837,
    1.3517618744944837
  ],
  "deaths": [
    0,
    0,
    0,
    0,
    0,
    0,
    0,
    0,
    0,
    0
  ],
  "death_reasons": [
    null,
    null,
    null,
    null,
    null,
    null,
    null,
    null,
    null,
    null
  ],
  "water_used": [
    3.640000054240238,
    3.640000054240238,
    3.640000054240238,
    3.640000054240238,
    3.640000054240238,
    3.640000054240238,
    3.640000054240238,
    3.640000054240238,
    3.640000054240238,
    3.640000054240238
  ],
  "growth_achieved": [
    0.351761874494483,
    0.351761874494483,
    0.351761874494483,
    0.351761874494483,
    0.351761874494483,
    0.351761874494483,
    0.351761874494483,
    0.351761874494483,
    0.351761874494483,
    0.351761874494483
  ]
}