{
  "total_episodes": 5314,
  "mean_reward": 286.17892276999993,
  "mean_growth": 0.9055323763878269,
  "mean_survival": 221.15,
  "death_rate": 0.0,
  "mean_water_efficiency": 1.46456331729617
}